70,223,115,106,186,85,318,251,104,118,168,175,174,92,170,126,107,178,121,171,116,81,95,130,154,224,80,133,195,111,140,138,125,171,183,120,152,133,99,134,282,99,134,170,156,161,80,174
431,541,442,550,556,621,939,723,527,675,813,634,959,565,640,523,665,480,824,694,481,503,491,680,717,678,678,663,735,566,666,616,543,662,662,547,689,483,737,774,940,784,579,566,503,542,496,626
152539,133794,99077,115113,146033,167756,93264,92748,161173,94434,106973,166945,110955,141739,132943,133400,121918,141322,98880,142710,99025,72717,120506,126185,151422,125490,115091,125207,85745,78687,75583,83440,107700,89813,109247,101494,119690,85322,121975,89211,101507,94280,108878,111205,87179,91354,105991,77534
148,139,48,132,252,161,207,128,119,168,137,92,178,90,178,151,89,82,168,141,49,49,62,114,168,130,54,142,183,72,104,70,120,129,134,111,194,133,113,117,214,19,117,106,80,135,88,153
1055,1902,3921,2724,6293,6710,5590,5519,17813,5309,7812,16759,12445,13086,7539,5811,6537,4237,10530,5182,12431,5422,8374,7504,5140,14744,6062,7507,11377,7216,10781,8819,6009,13540,8511,14887,6377,4342,5709,6114,7758,4767,3453,18545,10843,5926,13381,11170
246868,430365,379354,323911,337448,342059,430894,431244,232903,500046,429143,182517,454863,236560,297010,384408,434186,443623,352719,344265,426503,366688,405414,465092,252054,406585,492591,375110,348266,492147,386649,465876,472694,427125,503783,447760,420384,453769,494552,447785,313230,472323,457381,420369,457313,482237,523182,575707
20455,18165,20516,27366,16161,22824,21973,15697,23355,20652,15742,23547,28326,32611,18064,18770,19429,26767,31650,23620,17558,18354,17832,19137,20020,21053,18782,16627,18084,16165,17380,18424,18187,20326,20643,18685,22355,28525,17544,22728,16865,17874,20826,18109,19362,21980,19474,16985
29632,20175,24895,27272,17594,34352,22793,18120,27838,17880,18797,8018,38408,32372,31532,21448,24223,32430,36056,35783,21171,17937,19469,24159,20528,23598,22027,15189,22175,18039,18286,20574,19206,25718,27078,20570,28087,22484,16586,25049,21588,21303,26337,20840,21485,23865,23381,17419
2946,1309,1070,1772,2712,983,1384,2326,1987,1024,2183,2649,4275,2010,1863,1082,1268,1270,2377,1577,2137,1087,1461,1182,2017,1137,1757,1429,1366,1800,1473,1215,2320,1652,2117,1765,2127,1242,3026,1340,1540,1637,1337,1910,2603,2479,1871,1227
244,347,456,498,534,346,890,439,321,432,468,631,1045,384,1275,382,323,504,688,830,454,280,424,351,242,374,495,612,493,453,328,514,553,372,530,255,449,228,416,336,358,263,372,263,270,419,337,252
3500,2667,5255,3819,3248,5058,6474,2917,4440,3406,2907,4842,9911,4701,12245,3386,3536,4239,5841,8271,3818,1914,3245,3061,3488,4097,2710,3172,3949,2882,3817,3473,3148,4443,4260,3495,4993,3564,4319,4110,5010,4283,4613,3779,3568,3932,3568,3948
12628,11007,9591,18260,11890,8269,9651,11649,13147,13189,11076,17769,12177,17416,11414,10860,13268,12822,18575,9306,14341,9099,10248,11265,15377,12459,12417,12186,12156,10752,12897,12765,10475,14582,12509,11941,14867,17340,12775,14297,15676,13023,14747,11169,14094,14006,13883,14279
994,1196,992,867,647,693,160,1030,4237,1528,1996,2660,2104,4029,1766,2054,2185,2878,4622,3158,5133,1133,1896,1818,1707,1816,1978,3057,3530,2799,3083,3540,1267,3899,3352,4042,2303,1894,3301,2880,2134,1661,2008,3324,3899,2888,2202,3846
174,223,121,200,194,187,217,181,124,129,213,204,264,159,321,147,191,134,192,187,146,147,129,156,166,215,167,166,115,164,122,260,182,210,207,156,262,186,232,197,217,343,180,143,258,139,177,177
330,120,88,138,80,259,230,96,95,91,122,45,116,90,205,138,69,115,116,199,37,249,208,332,136,83,106,142,117,185,133,86,110,249,174,107,173,154,114,141,157,206,102,156,174,123,76,76
450,342,677,241,230,107,184,234,69,211,111,62,154,120,97,114,136,121,162,191,1663,186,136,104,159,221,54,80,187,200,87,244,217,195,377,74,67,82,59,57,191,5642,232,215,345,534,120,127
294,271,26,462,422,415,486,480,329,447,207,419,444,483,495,358,285,332,533,459,456,142,390,502,305,532,403,523,491,436,512,306,336,428,475,344,183,434,250,226,286,447,484,485,375,155,355,368
156731,189770,380400,229778,271810,229238,350235,309930,250460,227123,175448,147511,217987,137178,420295,198666,146878,203833,174965,318997,197769,561473,205974,129681,178345,131851,178892,128658,215651,241721,203832,232289,177217,192001,152474,186912,169286,152576,125678,129602,169526,166229,163016,206320,170353,161769,228906,236523
623,193,114,241,174,368,1123,136,381,163,166,771,2795,306,8852,122,287,156,374,13022,119,143,184,160,331,182,332,108,293,122,146,487,282,283,166,152,289,128,388,312,188,218,481,141,122,174,143,164
20046,16802,15233,26556,19276,9648,13575,18052,18987,21166,18155,29636,19620,26279,18351,16526,20069,13866,23568,14454,24583,12978,16570,15710,22872,17255,15836,19514,18633,17181,17442,18969,16541,20505,16942,17859,20153,24477,19819,19683,23706,16804,19856,18383,24799,20040,17487,21692
1462,905,661,675,866,2624,1394,759,1699,1959,1294,4280,4574,308,5107,538,639,2429,1091,4246,451,2161,549,470,1062,1261,551,535,1839,2752,428,988,904,543,337,374,675,1415,769,667,2819,684,803,461,240,723,678,1201
781,717,800,592,658,888,830,703,910,501,549,1073,1194,797,952,622,616,868,1185,927,752,610,643,611,660,849,562,593,751,424,539,662,674,632,580,711,754,625,637,548,571,527,637,506,580,607,603,641
45437,23613,15156,31203,31056,26299,11888,15486,36757,22151,26321,11875,26728,35150,26526,44815,31669,28123,19469,28032,21019,17561,22708,30079,39096,24575,26967,24956,9687,17875,16476,18390,23850,18975,26869,22104,30712,25386,32054,35216,20478,26641,33239,23172,19189,24314,24418,11964
126434,238330,220094,161460,178731,80747,105695,218871,109358,108282,279873,106615,129095,122936,139659,209010,199711,140101,128377,140155,179084,165210,221196,252609,260845,232638,242470,261230,294500,239817,256432,196453,260605,255720,213888,209033,123771,204702,281336,286116,302962,203534,243687,146502,252970,311631,227250,205729
218,199,191,244,175,120,197,194,136,148,328,35,176,334,195,179,245,256,145,316,163,119,200,205,250,217,145,128,120,201,210,111,215,204,196,208,230,107,176,185,183,293,283,287,282,224,269,139
11494,10038,8938,16402,10174,15214,11976,10233,12957,13147,9406,16059,15680,16514,14493,9947,13240,16679,18846,16142,15279,9541,8858,11808,12931,13360,12072,11869,12530,10812,11387,12013,10823,12196,12128,12313,13572,13582,12118,11196,10692,9010,12828,10435,10655,12259,11107,11171
4435,8732,5945,7468,12156,7001,14770,11620,6556,16891,6388,9406,9312,6823,11431,5113,8581,5139,10854,12826,7416,3788,5469,4628,11214,7218,5420,11476,17961,21060,7765,15163,7358,6923,5003,4052,8174,6699,10219,5564,12853,5785,9053,5313,5540,8281,5453,9306
133,1107,953,2365,1025,264,476,914,253,1819,886,19577,677,304,534,355,537,539,998,286,1615,289,221,250,964,232,521,941,1812,1424,466,1597,1019,358,340,501,456,1410,1570,387,2170,306,482,385,314,449,389,2820
876,1387,1440,811,1531,1668,2925,773,1479,1782,529,3387,2822,1800,5709,1070,1661,2529,1315,3529,1631,440,1517,743,1249,1292,1230,1945,1474,1126,2261,1898,2254,2148,970,1771,1293,1391,1618,581,1753,1258,740,2235,710,663,756,926
19435,25123,40017,24880,32983,29189,49803,34633,27477,28491,22686,24858,33187,20345,55274,25334,22814,28932,22458,45152,24346,50108,26645,18721,24671,20280,23823,21614,28064,27197,29454,28300,27814,27659,21747,27619,26226,19868,20965,18420,23150,24865,22974,29139,21960,20629,26817,25726
36645,73537,54183,50829,67862,54505,31200,72533,37278,61331,76849,14821,74606,28884,57441,51540,59889,50664,41688,68244,40201,42307,48483,50886,68564,45872,59462,67050,68663,55564,51978,47435,65014,47029,53728,49586,63268,54036,62380,50304,75391,58268,55338,50727,52801,61725,40554,54267
29662,24071,20791,40232,25586,23151,23978,23965,48427,27401,22241,43059,29416,43948,47763,22594,24592,26519,68629,29333,38710,13505,18049,22781,34532,20800,18732,31099,28180,26558,30312,29643,18564,29113,26509,28614,26101,27916,27180,25652,27528,20241,22733,22837,27846,24042,26644,29079
3988,19344,21632,35437,16367,234,8965,20245,4357,29102,15602,134435,7319,9173,1915,4261,8960,7142,14605,4015,27107,1092,2673,1662,17612,871,10541,16925,27397,22425,9330,25807,16600,4412,2424,8940,5339,23543,27953,8305,36975,2950,6397,4037,3016,7191,8059,44771
15376,15696,10683,15766,12754,8470,13140,14418,12670,11661,13164,9640,12418,15065,9046,11289,13360,10393,11596,13885,12153,10897,12053,12433,13416,11565,14722,10492,12604,9582,8797,11276,12697,11277,11762,10575,13207,14020,10267,13288,13462,15433,13926,13717,15080,17906,15098,11387
2198,2083,3049,1327,3122,3631,4868,1932,2872,3319,1233,5425,4570,3484,10580,2561,3083,3864,3251,7260,3326,1637,3961,1354,2277,2115,2122,3521,3437,2233,4645,3836,3590,4230,1675,5241,3128,2708,2658,1498,2626,2313,1531,3601,1834,898,1785,1596
325,1355,1588,3584,1503,128,577,1037,298,2831,1503,4548,480,300,263,448,854,594,522,238,1851,133,230,268,1611,317,920,1260,1862,1294,733,2123,519,314,255,468,657,1139,1355,504,2238,324,762,414,225,744,726,2425
18457,15093,9712,16068,16230,13271,11097,10062,22061,11830,11986,20450,11411,12524,18264,17366,14430,12369,10891,11327,14555,7897,11774,16848,17810,13276,12283,15227,12043,13102,10831,15875,14617,11563,13809,11215,15509,12165,10540,10323,12998,12107,12015,12021,7671,8499,10006,1808
626,804,911,1024,709,536,714,842,819,674,1409,1419,587,1401,683,944,1082,509,729,646,981,661,782,850,1112,648,663,664,832,300,429,341,515,438,511,519,315,354,495,438,331,463,560,673,767,990,815,961
57,131,111,125,50,156,70,138,84,108,96,100,192,49,201,71,125,85,124,88,99,74,159,54,71,99,82,85,190,106,102,75,153,110,115,79,99,104,113,135,115,455,115,146,68,139,26,150
303,413,267,286,465,334,334,568,357,304,556,411,174,380,273,370,144,319,325,297,160,118,261,268,355,417,307,412,295,208,206,306,314,474,370,435,683,210,390,145,444,306,302,366,209,297,169,376
6667,8284,10012,8400,8752,8775,18016,11809,8218,11092,7592,12374,11414,8050,15091,6629,9734,8802,8831,19072,9150,13209,9019,6493,7970,7881,8199,9861,11190,10066,11718,9897,11233,10188,6866,9923,7861,6597,7800,6302,9842,9748,8405,11826,6737,6620,6855,9050
5917,3835,5348,5342,5478,2884,2400,4303,5965,3536,5092,9034,4802,7144,4898,4895,5355,3921,2858,3215,6557,3572,4422,4035,5155,5039,3789,4878,2965,4816,5322,5310,4273,3820,4252,1862,5580,4937,5068,5131,2675,4258,5658,4465,5334,4051,4024,4591
617,2109,2584,2895,2171,1045,2946,2650,1706,1717,2683,1003,1365,1050,1387,1560,2812,2151,1979,2277,2109,1356,1832,2033,2460,1212,2543,2000,3215,1915,1472,2454,2794,3068,3139,2179,2425,3348,1574,2266,2532,2124,2109,2327,3062,1780,2292,2384
2199,516,433,1734,500,1359,678,347,1999,404,377,2864,2230,2471,1136,1187,830,1716,1311,1571,751,1244,936,1125,699,1345,590,492,254,384,432,733,404,546,826,688,992,1056,667,952,444,669,791,707,377,399,748,316
169,366,181,301,402,228,719,356,293,440,352,293,675,210,538,313,347,287,285,858,320,155,299,101,397,181,313,341,601,389,485,335,306,214,227,293,619,655,382,263,542,305,105,285,313,240,355,503
12263,9794,13370,14779,11042,15805,15556,10256,14373,17209,12490,18586,14121,17382,8597,11949,12971,15346,19214,8575,15330,8839,11064,11497,11708,14266,11610,11419,13116,10353,13247,13610,11634,12479,12368,12366,12874,12739,11103,11759,13032,10706,12661,9982,12306,11946,11185,12425
229,182,147,156,189,257,251,93,145,181,117,176,218,259,205,50,157,104,156,373,151,173,178,193,110,128,155,123,196,87,219,102,150,153,246,105,187,146,192,174,104,116,136,187,252,237,256,126
663,564,634,838,642,549,1032,518,608,561,500,1018,648,691,604,572,686,712,1258,729,763,518,352,593,528,651,627,587,483,620,630,865,694,624,600,735,515,734,668,614,930,699,570,435,425,465,575,677
26361,27273,27543,39576,23972,21434,28931,26490,31514,25608,26533,19511,26787,40140,20241,25444,33437,30847,31153,28200,22714,18671,24849,24904,26859,21485,28905,20569,28710,24276,22827,25181,30640,29153,29564,30930,30207,31957,22133,32846,35233,27893,32311,30631,30207,32757,30990,22655
603,669,997,442,1042,999,1415,569,711,1041,430,1482,1339,848,2436,754,824,1000,1163,2051,956,583,1017,270,747,651,662,1043,963,675,1328,1009,1126,1281,605,1426,1098,815,722,378,828,1018,519,1051,666,328,639,546
82575,64590,60801,74756,65211,108088,38880,42304,80159,42224,51684,105274,74637,61705,97383,61208,60844,70570,63575,97260,45325,43161,44024,48555,60670,46118,40112,49314,30016,35244,27746,36054,33639,32673,49382,39198,47992,29949,46933,37444,36814,39636,36886,44350,28671,33878,22715,18393
1606,4209,2253,2877,6126,2847,7656,6078,2252,2718,2151,4461,3019,2350,4070,2171,2824,2348,5468,6629,3363,2194,2004,1756,2645,5693,2353,9627,2991,2374,5269,4337,3956,2627,2055,2347,3049,2164,2932,2385,3545,2895,5476,4148,1521,2925,2032,3954
101117,48575,34914,36934,69559,60328,53140,50257,71242,69445,52408,101305,57101,161686,20720,87262,39574,58759,66382,47113,50234,63534,79787,85563,93346,85721,82541,75318,30355,53611,73000,55828,51565,44533,24525,46285,49676,96091,54882,69539,61885,91673,61081,37950,54961,35899,37457,33765
339,304,275,359,313,258,497,308,311,147,270,364,337,320,325,208,178,246,313,371,262,73,124,43,279,275,312,228,209,339,117,237,221,285,367,246,256,234,269,252,137,238,230,253,75,318,258,259
54007,47800,39454,49921,52146,64123,42222,36301,51372,37153,43288,56348,46958,58255,61339,40310,48595,52491,55870,59650,62281,26746,42420,47671,52098,45881,38325,55039,46683,38750,41124,45438,40695,35065,45229,42869,47406,40548,43770,30593,36095,30924,37224,45133,36854,37348,34613,36785
257,532,528,342,430,614,923,632,408,343,305,350,491,385,710,357,352,271,386,648,360,529,619,306,407,559,402,368,561,366,508,406,407,375,396,416,428,376,361,404,454,410,319,367,333,382,367,357
351,359,371,253,264,304,326,308,377,304,331,194,259,409,321,278,237,193,238,367,300,269,224,269,320,288,368,258,257,306,362,287,355,312,261,353,346,192,222,229,349,363,239,291,378,310,303,240
1079,896,780,503,732,1316,732,595,897,481,639,664,1216,859,1640,791,779,870,757,1321,1026,387,674,894,600,865,709,623,736,457,640,806,656,644,570,698,840,309,599,425,486,528,508,605,544,522,573,561
1124,684,1081,479,684,1416,810,774,922,772,907,864,1301,929,1122,591,595,906,919,1483,809,639,623,892,701,1044,949,846,734,562,768,850,666,871,698,1005,1017,576,737,649,905,896,915,762,834,613,594,763
960,5844,1841,5239,3882,2035,11273,6442,965,8573,4519,1966,4966,1570,1486,1817,3291,3526,5467,7295,4778,2260,1509,1924,5429,2392,3250,4447,7719,5810,4196,4400,3134,2462,1927,3407,2762,2700,4519,2420,6086,2739,2089,2658,1363,4191,4201,5418
227,734,441,707,571,323,1017,624,191,762,675,620,890,277,685,321,669,560,377,930,486,193,228,295,634,272,596,467,571,480,437,449,528,389,383,448,388,396,554,441,804,381,427,309,278,739,555,586
12034,7503,6060,6883,6665,6461,5835,6970,9499,3490,6186,2405,7965,10585,4126,9511,10616,6847,5549,8956,2335,7130,9130,10166,4481,4369,6925,2154,5233,3339,2089,4175,8588,9399,8397,7089,10535,7969,2634,8940,6100,12894,11410,9011,10270,8072,7929,2113
267,199,320,422,261,163,228,184,266,149,244,349,627,262,360,294,337,271,392,87,348,384,157,499,232,647,147,206,336,193,149,118,172,148,308,169,303,106,248,215,183,316,289,180,172,211,249,237
345,338,439,397,470,486,378,402,384,405,462,259,390,382,381,303,287,418,468,381,310,446,321,362,263,211,442,431,477,350,400,596,363,517,443,542,468,384,203,433,450,481,439,417,337,403,425,478
1313,1568,2132,2485,1539,1240,2253,1852,1584,2775,1560,4093,2275,3011,1064,1435,2077,2360,4625,1105,3319,1083,190,193,1055,1901,1576,1761,1931,1711,1845,2104,1824,1331,579,1880,1831,1577,1589,1898,2528,1354,1870,1321,904,1681,1895,1891
858,656,825,774,760,549,476,684,892,569,689,1239,719,1032,745,776,781,630,605,690,863,532,591,631,885,737,635,685,571,673,877,659,574,877,603,746,798,694,751,917,752,655,732,663,604,551,600,675
1760,2343,4272,2373,3108,2773,4757,3696,2570,2794,2081,2359,3190,1757,4608,2124,1970,2367,2357,4569,2516,4527,2626,1563,2351,1746,2190,1773,2721,2874,2714,3094,2548,2402,1832,2834,2152,1919,2033,1571,2311,2063,1917,2682,2035,1707,2130,2639
671,744,403,1110,863,705,241,1167,802,1279,1180,1073,1031,739,462,637,649,512,952,741,1130,908,568,553,827,1038,376,895,1500,1252,866,914,709,747,475,713,796,888,570,977,1221,837,783,852,686,658,290,982
22597,11855,9796,19379,13872,7303,8298,10384,18610,12810,12969,16046,13442,18311,9721,16857,12047,8748,13983,6975,15988,10465,14672,16684,16326,11740,11131,15076,11811,11772,13397,13092,13592,15823,14010,12387,18181,17732,17946,18992,16087,20401,16628,15248,20838,15698,12724,14673
96,177,183,117,136,136,370,153,100,118,184,107,197,132,205,34,145,132,127,237,78,173,116,141,143,242,121,131,167,171,168,122,166,134,107,175,130,165,136,78,125,116,157,121,117,189,81,112
30449,23893,27042,26732,35040,28877,40082,24269,29388,19607,31562,36608,29641,32523,40630,35161,18878,20616,25367,29990,29764,30930,8384,23405,27813,47325,24142,44083,49917,22991,30317,7719,29787,26936,49238,28317,27103,15157,47624,49769,31185,25308,21036,35195,27455,51935,36554,16177
3006,2824,2630,2122,3048,2022,1216,1664,913,670,488,1091,922,1374,909,610,492,616,1025,598,905,570,518,593,718,1054,607,749,745,699,824,794,379,642,540,708,538,646,729,660,532,709,595,649,598,615,550,804
47564,33334,5423,27209,34334,32348,45152,41474,42503,24515,48832,22592,48677,57586,25746,55222,72475,35110,29353,59094,24506,43138,59651,64954,33703,29781,40584,22357,42621,29471,24724,31306,51368,58200,69844,42456,72226,52410,21377,61766,36207,80368,71225,63181,81852,68439,54536,17878
6635,3620,2750,4502,3863,1576,2237,1880,1097,626,736,922,902,995,538,891,652,556,569,630,838,548,597,853,1108,423,695,613,528,333,337,614,644,718,664,653,948,1271,829,1233,785,1112,642,647,622,909,642,442
209545,123133,190003,229820,146762,241432,147239,153682,222514,207365,151337,246606,147002,264013,69884,178471,193094,220811,307045,52738,214101,167478,190634,158447,172647,240439,158279,158349,187235,163670,208745,180896,157892,214395,174533,185126,209289,215777,164116,217567,215976,199671,197370,167745,215952,171000,177704,184706
113,133,178,89,90,118,251,122,142,116,157,169,112,206,259,86,141,121,165,305,88,153,105,121,175,131,102,140,121,111,158,56,129,104,134,103,142,55,136,112,213,202,107,141,96,113,68,143
153,139,214,47,93,370,626,650,1213,469,488,556,406,631,522,235,357,683,1967,79,748,3504,354,635,1181,6916,1018,527,611,895,1251,690,222,200,861,526,285,281,340,460,246,224,393,240,998,328,253,319
5627,6806,6933,8397,6627,5988,7312,6937,7849,7148,6392,6876,8029,8433,8988,5807,7410,7754,8339,8144,7743,6665,5068,5996,8018,9845,6614,6970,7660,6045,8017,6361,6254,6960,7276,6440,7239,6650,6910,6334,7422,6106,6620,6403,5616,6600,6366,6692
844,684,730,1051,913,869,996,1046,781,861,759,1387,1050,1319,1097,763,688,1054,1243,999,1109,742,386,826,800,971,759,908,849,904,899,1007,802,822,819,787,666,937,1001,885,884,534,775,395,505,691,631,756
350,507,518,455,524,528,592,559,314,386,793,194,269,259,607,445,304,394,278,907,287,431,395,433,407,344,329,439,569,402,448,347,581,467,852,470,551,337,436,491,521,622,489,418,447,615,360,455
2480,1132,1679,1734,1232,603,1061,1513,5816,4317,3258,2839,3456,5002,2681,5363,5095,2294,2646,3457,3022,3974,4399,5295,3667,3900,3368,2776,4049,3315,2149,4220,3318,4574,3827,3802,5306,5988,3002,5085,4861,4705,4645,4172,4284,4038,3713,3456
2564,1194,652,908,1386,2691,1736,1137,2771,1236,2070,172,2092,1982,1416,2560,2030,2068,1750,1848,945,2594,3069,3149,1632,3393,1875,1576,1127,1126,2149,988,1043,2439,3365,2006,2813,1152,1196,2332,1135,3234,2534,2833,3451,2879,1042,536
19922,15944,18145,15731,13382,9376,13419,11947,16197,14817,12449,17227,14604,21412,10315,15367,19137,9629,15127,12289,17622,8255,15483,15309,15609,13549,12992,12904,16624,13215,21498,15763,13162,15264,15555,16973,17348,14975,13428,13138,15744,17652,15447,16251,20691,11398,13781,14633
10473,15704,20150,12902,15821,18134,24689,15846,13647,14522,15968,11514,22890,10993,30877,14680,15777,16014,14086,27059,12188,11494,13675,13760,16197,13092,14798,12935,15932,12793,16942,12457,15604,16439,16329,13612,15827,12077,14285,17628,16159,16356,15629,14638,15339,16614,13889,13392
225,492,254,339,425,339,447,519,301,305,268,280,409,339,588,250,369,287,456,865,360,218,199,202,305,378,56,370,340,184,474,316,383,312,286,279,446,284,467,282,334,218,393,237,247,182,312,219
11517,6493,3700,4190,8482,7159,8593,12300,5944,3345,7671,8373,7963,6973,5922,8454,4498,7069,5071,8557,10594,4289,1109,7405,7621,11093,6563,11710,11542,15251,12709,6805,6238,5840,6877,6125,1932,7176,7688,3530,1173,1318,5703,1443,759,3414,2488,4715
146,344,202,295,198,206,378,291,156,133,136,150,290,218,308,167,177,273,300,425,151,153,146,130,65,212,176,304,249,212,206,284,197,166,138,165,174,158,307,167,168,191,171,137,140,99,203,252
1921,3706,2861,3046,3397,3153,4496,3872,1979,3642,3381,2410,3213,2108,3977,2101,2540,2412,1715,4015,2631,2274,2203,2741,3467,2560,2770,3341,3541,2960,2656,2812,2985,2609,2513,2558,3362,2477,2998,2424,3710,2935,2694,2693,2494,3164,1775,3296
428,709,1043,739,964,920,988,1235,586,778,784,422,1788,390,1070,564,508,6753,481,1236,582,1025,548,571,828,431,709,432,963,953,594,687,613,903,803,558,810,557,413,428,999,850,542,758,526,660,6863,1115
437,354,266,319,291,500,489,414,686,359,527,215,454,401,520,510,471,390,333,604,238,423,416,664,454,532,534,344,385,353,371,248,426,646,630,379,573,450,309,492,318,615,426,509,495,403,520,199
898,874,1064,558,895,1163,1474,602,588,600,511,650,986,631,1993,512,766,611,669,1363,528,343,620,413,858,722,577,619,659,417,963,583,787,709,419,660,830,391,657,415,534,577,447,724,470,458,380,451
2121,2250,5249,3073,4112,2562,3528,4194,1385,2558,2482,1567,4716,1914,3631,3445,1596,20894,2018,3409,2508,7422,2218,2398,2220,1569,1993,1443,2577,3179,956,3218,1935,3107,1988,1895,2060,2317,1379,1723,2328,2076,1932,2653,3072,1945,15330,3307
841,649,829,1200,853,391,820,726,1193,629,790,2487,1375,1842,1213,778,1051,615,995,1435,1014,387,416,521,1041,662,776,922,675,641,876,977,738,721,580,854,1052,1741,1180,1120,1149,640,1064,722,882,1080,747,891
136,223,288,345,207,167,225,326,95,284,162,2341,207,82,172,121,166,146,101,139,310,104,100,97,279,124,213,135,271,215,85,242,206,95,58,212,123,117,322,111,345,134,178,80,120,122,143,470
79285,70602,37671,113375,65247,36909,50910,58098,77376,81483,56564,113884,59129,96389,23135,75788,65943,67149,75275,61389,71987,51828,61124,66292,89003,66515,76335,67428,58576,53304,67196,78025,69166,61333,71964,47881,71576,121210,69619,95167,83901,90660,81758,58112,65568,70420,65487,70625
167,424,214,353,348,438,856,427,7648,3441,3970,2188,1859,2236,3360,1343,2024,2492,4785,5102,5060,1851,5001,5022,4661,11039,4434,5053,3460,3338,5212,3796,2795,1837,3698,6080,4791,889,1898,639,1471,672,734,4438,981,696,598,1787
169969,76886,42774,19123,68690,111728,73587,27799,93827,53415,74638,36572,18800,31555,60948,46627,64127,29111,29701,37640,55186,7816,111935,57771,64303,48965,38395,112243,58453,48375,87206,56380,48471,56768,50261,122574,89729,15660,39353,5879,46211,22129,13447,159297,41497,9847,12923,32264
2662,1380,1332,1088,1439,2377,1456,1030,1784,1503,1256,1670,971,1677,1700,1096,1597,1419,1726,1464,1635,849,1607,1401,1466,1601,1285,1609,1399,1234,1419,1570,1356,1425,1023,1741,1683,861,1487,1077,1155,1045,1213,1758,1161,909,1112,1102
132,660,623,1571,727,133,577,773,156,735,633,3687,508,123,404,272,396,291,455,415,395,149,157,159,480,232,343,416,353,432,191,555,309,213,170,272,219,574,355,383,1175,256,275,246,176,252,229,517
81,51,142,211,135,88,297,208,112,162,291,1479,180,64,190,76,55,78,96,152,127,118,111,98,121,107,103,192,144,155,135,56,92,89,89,73,114,151,131,163,210,115,79,138,83,131,65,198
9954,2224,2399,4224,1885,5879,2574,1942,2769,2220,2198,12805,11744,14640,17136,2393,2525,1790,2854,4481,1564,1939,2523,2271,1752,4520,1737,2283,2296,2344,1364,1684,2524,2227,1720,2335,2754,1914,2087,1596,2147,2467,2247,2565,1722,1968,2522,2309
1466,3613,1045,1325,1312,1910,1518,1542,1120,1264,1244,1607,1477,1494,2482,1161,1460,1282,1198,1577,1302,934,1092,1286,1384,994,1134,1179,1436,1456,743,1168,1066,866,1170,967,1341,966,1346,635,841,1429,1259,1062,1089,925,1004,1107
53736,41150,17416,23822,32282,49426,36446,28284,43400,29760,26706,28016,20541,32609,19997,36489,41652,15481,22207,27146,37235,13609,39414,36519,33993,32705,26848,45268,30581,33097,49302,42013,30746,31304,27455,36224,40227,21005,13382,16044,29517,24895,23982,41985,24969,12663,17963,21624
4349,3123,3851,3431,3371,3350,3213,2979,4795,3203,3349,5831,3379,4936,5558,3604,3356,3099,3634,3250,4871,2083,2415,4205,4284,3893,2966,4350,4466,4639,4232,5025,3358,4201,3546,3565,3950,2707,3198,2405,2659,2935,3702,3223,2030,2231,2916,3106
1195,1134,1002,895,1046,866,1167,1205,1108,1100,1707,1293,1648,1323,1760,972,814,1310,1127,1524,927,668,619,1031,1424,1389,1257,1417,1835,1255,1522,968,1027,953,1085,1117,1121,1588,791,1252,739,958,1424,760,645,868,1177,1248
10841,7884,10795,13225,9054,12031,11614,9179,13296,11403,11007,19277,11886,17340,11297,10076,11500,13972,18768,11779,13130,8358,9199,9971,10344,13392,9676,10407,11960,10068,12536,11509,10456,11756,11412,11564,11889,12268,10544,12560,12453,10780,12402,11161,11778,11204,10422,11765
380,742,554,696,793,702,1361,826,411,817,881,360,1007,375,1048,571,592,623,738,1158,534,622,594,579,862,772,694,781,958,809,607,820,666,638,658,682,683,750,812,620,1047,575,538,651,617,744,589,804
21234,98945,101473,147831,114217,31910,119381,111319,28893,139305,91686,264705,106423,39088,83118,36433,64721,68982,102828,86266,127495,28925,34694,29401,104675,35605,72955,95655,174983,132087,69548,128799,70929,38462,38316,71125,47658,134934,111593,51889,168744,45200,47627,36692,37189,59826,60049,201989
12243,31922,28589,38744,34750,16308,41813,35601,12956,39043,31123,53733,17672,15844,12588,15486,21250,19565,30231,23867,34015,12257,14660,14720,31982,16924,25520,30844,45945,36229,22779,33830,27340,15996,16508,22776,19189,34923,33232,19092,46039,16803,18766,16227,15680,20713,17809,51154
1010,2042,1380,1543,1982,1802,3743,2204,1137,1901,2465,1071,2743,1160,2486,1420,1679,1882,1543,2984,1419,1779,1539,1727,2292,1524,1822,2137,2233,1812,1753,1508,1936,1777,1873,1861,2038,1765,2018,1764,2196,2182,1781,1700,1999,2068,1575,1802
388,2153,1031,3437,1912,810,2835,2257,609,2976,1843,1311,1726,735,484,650,972,1141,2032,1324,2893,742,470,598,1735,740,1421,1772,4063,3155,1299,2775,1283,679,744,1410,894,2996,1035,1022,3306,725,792,598,764,958,1102,4837
2547,4321,3652,3569,3891,4956,8916,4816,3531,4566,6334,2841,7740,3638,17559,3933,3315,3572,5285,11488,3947,3224,3118,4076,4884,4543,4152,4536,5520,4779,5074,4006,4395,3665,4134,3874,5466,3612,5131,4463,6266,4184,4713,4432,3996,5062,4617,5376
6598,13578,9020,10218,11942,10744,23373,13837,6724,12317,15071,5965,15829,6265,14108,8701,10791,10716,9233,18043,8849,9723,9465,10383,12465,9624,11604,11734,14646,11938,11216,9480,12108,11078,12180,11412,11104,10102,12123,11044,14090,13045,11591,10602,11045,13508,9893,11738
277,458,469,441,309,414,835,445,232,329,346,297,472,286,573,308,368,444,321,697,349,415,286,303,376,386,370,439,320,428,460,298,370,360,407,494,430,262,377,479,358,446,309,342,451,396,347,438
68,123,256,136,168,121,1746,162,83,862,2903,5042,660,2196,281,105,212,68,107,159,64,126,776,162,144,95,234,137,164,93,249,343,1257,1576,930,133,166,73,273,100,102,132,95,199,132,674,169,3705
150,260,147,473,301,136,365,264,102,255,252,773,256,146,130,139,190,157,92,147,346,143,108,101,168,140,165,116,316,227,239,357,160,93,163,104,106,326,335,169,475,138,176,108,105,197,193,602
38919,37344,37843,48438,40769,56831,53041,44377,41550,42983,33865,42338,48254,57490,59782,25789,47679,49453,73207,54036,72213,27034,42391,41447,39468,47733,40388,48800,69485,42010,46018,53563,40570,48523,42687,48286,44816,36883,41188,25798,46338,27172,42361,48520,42629,38097,34139,46603
3866,10080,3458,7797,9427,6080,17284,11003,4834,9671,11444,5493,10740,3826,2258,7017,7101,5616,7782,9272,6011,6921,6906,7281,9933,6926,7314,9353,9639,7441,7624,7037,8435,6305,7215,6183,8588,6982,8813,7324,10478,9326,7955,8036,8125,9946,6207,7564
876,685,1508,1187,1098,415,766,677,1096,713,723,3861,1235,2122,279,880,1308,1063,1633,265,1529,417,651,531,957,1108,871,911,690,666,1165,1276,1043,474,610,895,976,1547,1193,1052,1379,566,1418,600,1268,757,831,1056
2131,886,774,1064,1298,1335,960,1599,2269,1994,1836,4137,1845,2052,1325,2358,1918,1614,2369,1338,608,1187,1627,1976,2477,1325,1784,1675,1433,580,1103,906,1801,1483,1809,1580,2096,2896,969,2248,1527,2139,1916,1663,1497,1552,1486,913
1643,3144,2538,3455,5429,223,616,4404,2095,4428,3229,494,449,2756,201,1547,2808,2411,3403,427,4075,2442,2721,3024,3884,3571,3177,2790,6476,5014,3515,4091,2884,2975,3037,2943,2701,15316,9442,4391,8877,2869,3802,3539,3162,3441,2292,5082
3312,5039,5963,8739,4606,4361,6591,6170,4122,8562,5368,7558,5778,8126,3614,3699,5757,7108,14719,3058,9236,3613,3251,2956,5900,5691,5204,4673,7610,5473,6258,6233,4644,5020,3952,6030,5088,5955,4976,5609,7009,4169,4122,4223,3662,5426,5895,6801
348,562,332,292,343,296,691,909,501,846,547,293,871,115,399,412,390,488,432,535,429,370,292,376,432,600,491,336,337,373,496,108,721,493,409,220,265,272,334,219,337,740,358,365,470,892,322,391
195,297,203,222,57,398,479,201,259,147,169,128,613,237,393,278,179,295,286,189,168,172,174,200,60,253,82,192,264,162,70,148,231,233,118,113,213,188,203,259,347,281,139,234,205,270,168,136
294,545,475,539,496,714,1198,987,326,594,625,344,565,337,629,540,365,626,533,800,509,536,324,390,609,463,571,679,721,362,637,497,613,652,809,537,677,314,629,529,697,575,509,543,583,584,522,639
231,502,282,285,496,274,701,498,225,250,316,265,335,185,596,232,374,454,248,650,365,281,251,326,390,410,165,349,417,253,313,185,356,358,504,253,431,182,368,275,377,586,302,336,285,595,306,362
118,334,216,351,379,130,556,295,113,345,277,589,299,165,251,101,240,233,229,260,262,124,166,145,439,110,255,228,310,248,241,261,241,171,187,250,232,261,354,310,490,238,208,152,158,212,235,416
5578,2184,871,2471,1734,6214,2170,2480,697,2960,2438,4084,1200,601,4714,1177,1771,1050,1081,20140,1694,974,960,7876,1831,1242,1938,2375,2723,2145,1646,1831,1322,1583,1363,1225,9540,1898,2162,1444,3171,9781,1416,1515,9770,1826,912,2707
537,585,677,445,653,708,1249,635,534,496,581,308,1102,500,1414,515,680,543,777,1319,449,384,522,640,657,345,509,541,584,470,749,401,577,629,597,622,607,418,566,721,657,675,668,605,590,654,651,489
340,488,411,584,319,422,618,330,202,414,688,620,769,507,399,379,427,356,772,579,478,454,377,471,503,379,320,324,798,426,374,381,471,512,530,382,370,306,296,727,521,488,342,457,532,541,371,474
240,463,327,298,425,466,737,558,206,371,532,233,523,192,248,266,361,325,281,463,299,319,301,407,346,358,324,349,487,396,285,318,437,410,295,347,360,259,383,384,397,544,441,326,334,466,368,380
778,2212,1731,2286,1913,1039,3094,2270,760,2711,2133,2043,2335,892,2749,1072,1325,1333,2078,2671,2010,1121,864,1222,2014,1289,1836,2107,2805,2235,1627,1877,1737,1277,1115,1453,1370,2112,2076,1347,2984,1189,1490,1016,1032,1838,1197,2644
110,275,140,149,130,160,184,212,200,260,220,125,363,60,414,175,237,255,34,320,112,178,159,144,172,192,188,80,121,206,213,75,140,278,196,190,119,182,157,199,144,200,80,338,156,298,171,125
219,309,209,131,224,272,892,505,250,93,354,190,459,74,331,455,223,234,251,486,285,377,211,284,325,353,295,211,310,386,190,216,515,255,435,256,191,196,165,198,224,412,269,257,266,339,280,248
87,335,327,491,350,167,323,432,118,376,189,2354,187,146,164,85,206,112,178,208,321,84,59,153,268,49,230,191,473,471,178,321,309,146,109,197,112,361,325,142,454,107,81,53,108,209,169,715
414,548,549,665,615,296,458,569,290,445,613,1860,501,503,193,468,719,320,217,524,480,315,427,492,467,240,430,364,388,448,191,568,559,533,548,363,529,737,487,556,768,624,634,490,633,633,567,687
133,837,545,451,564,359,484,630,147,438,500,392,221,211,180,431,380,275,203,162,389,249,374,354,468,325,605,355,525,439,375,239,638,494,466,592,453,502,416,457,631,413,484,409,457,617,552,548
762285,424368,551969,326240,720583,694368,1156631,588363,998428,335487,513399,270232,494642,378376,2071420,260096,331712,719044,712151,903292,415618,430134,526806,688670,1363292,345337,1115305,601382,460368,531154,1273102,416571,351243,252759,971594,524461,533400,188297,380457,502640,154243,110381,277313,301160,179738,345057,259225,141523
268341,164554,202465,198175,26091,227448,395018,207047,266213,233800,190698,106725,243638,128858,614484,116596,133298,254518,204860,317504,172211,242255,191870,262418,420387,445269,421761,207879,241021,141541,434440,170792,150243,133676,389273,173110,187801,135926,167908,175603,126975,73048,123861,131177,120840,154412,118621,109759
245,278,205,431,406,408,561,377,336,337,274,2343,556,377,865,267,268,351,431,570,465,241,197,236,327,268,330,318,245,287,351,273,239,179,261,328,210,419,495,311,394,328,182,247,385,344,240,320
124,288,242,686,370,97,251,293,117,485,159,617,390,414,236,177,180,473,840,325,929,129,131,101,390,158,266,234,862,461,194,786,301,121,130,311,185,457,505,163,498,113,172,126,139,176,307,902
386,985,656,822,1065,822,1705,1132,556,901,864,468,858,499,1265,550,748,623,701,1395,614,736,677,948,1034,753,701,1059,928,773,908,592,795,786,744,798,847,709,797,591,897,1098,797,908,609,783,923,677
509,1222,869,659,919,823,1852,1377,727,1077,1217,608,1328,423,1091,809,1015,761,762,1585,700,923,530,691,982,854,836,836,1278,1000,877,919,1137,1031,802,702,801,745,685,1159,1083,981,734,839,716,1074,790,1024
711,1400,1039,1122,1604,1035,2455,952,772,1121,1323,630,1333,749,1488,1013,1077,785,837,1640,900,1043,932,1270,1598,916,912,1170,1175,1010,1245,714,1110,1197,1257,1068,1261,820,1212,982,1114,1143,1108,1054,1105,1430,1057,1122
867,672,1039,464,777,1195,2431,584,916,857,669,938,1023,706,3401,870,934,817,849,1778,751,437,835,539,758,949,556,1179,1032,743,1436,769,931,1040,681,1098,1097,424,643,573,519,753,478,577,710,327,479,348
1047,1907,1548,1653,1467,1645,3088,1692,764,1293,1590,810,1492,803,2126,1138,1232,1052,1232,1614,1122,1198,376,1190,1974,982,1105,1829,1457,1113,1528,1215,1448,1439,1257,1669,1310,1002,1936,931,1490,1501,1270,1245,1133,1459,1435,1695
251456,141661,186301,172296,233895,216592,330036,177926,251824,200317,164039,27075,210857,123043,583855,104882,116692,233621,178918,297483,150052,508575,182242,258920,395778,435015,391624,202819,212350,173346,408200,140215,130171,114386,370531,145595,160815,117072,128235,151972,106251,60945,107155,112767,102161,135490,101640,93416
364,504,416,407,498,562,2760,409,478,326,567,93,1472,327,1408,790,673,476,1013,934,340,312,302,425,397,391,371,429,451,381,775,422,465,387,380,325,739,326,413,650,259,335,392,327,364,498,326,228
435,843,594,513,690,554,812,660,400,579,819,336,827,210,826,382,557,402,472,812,542,535,450,627,735,463,503,485,634,660,691,485,703,478,586,532,527,535,743,602,811,709,605,424,451,790,469,689
1434,3318,2537,2661,3355,2739,4454,3944,1776,3102,4034,1282,3674,1550,3258,2373,2807,2830,2397,3852,2022,2687,2548,2554,3667,2404,2473,3460,3391,2691,3173,2502,3090,2753,2769,2373,3142,1882,3359,2646,2942,2966,2838,2752,2806,3387,1622,2713
483,1085,1138,634,1007,832,1984,810,479,532,1069,485,979,449,760,599,716,624,624,1123,425,634,704,536,796,893,544,900,758,685,729,651,786,826,796,537,805,451,651,907,641,877,777,797,854,798,472,720
828,1415,1448,1134,1069,1060,2113,1487,761,1266,1239,967,1731,628,1149,998,1080,871,1060,1617,826,1152,1203,1342,1086,833,1110,1265,1378,1184,1032,951,985,1261,1029,927,1078,886,923,1036,1570,1109,904,1221,1183,1292,1141,1140
427,884,1389,478,892,729,1880,1387,460,945,989,477,910,289,1108,744,735,738,452,1312,513,967,904,646,915,708,701,822,920,672,831,586,860,751,6019,844,844,584,1007,698,896,1133,762,844,723,1113,746,902
2178,3571,3483,2684,3179,3073,4684,3363,2185,2365,3641,1566,3242,2736,2526,3011,2634,3025,2129,4414,2022,2762,2190,2686,2837,2534,2485,2593,2723,2344,2590,2291,2710,2612,3233,2759,2764,2014,3108,3378,2576,2934,3115,2617,2997,2979,2589,2901
139,363,411,569,411,130,290,252,202,305,252,1912,753,311,660,193,271,296,620,378,495,99,151,134,272,78,293,355,447,342,335,398,282,216,178,196,216,322,749,303,375,225,249,178,117,133,238,524
913,718,318,977,821,868,1107,551,829,660,660,1037,948,847,818,844,660,735,799,853,573,615,760,755,693,496,517,667,461,502,431,635,535,636,1075,537,657,903,761,943,981,1440,771,974,742,677,534,539
916,2051,1429,1409,1839,1463,1699,2275,947,1813,2104,1212,1297,923,1851,1221,1573,1684,1368,2945,1288,1469,1218,1482,1958,1593,1587,1938,2184,1778,1816,1375,1896,1598,1806,1735,1618,1473,1904,1650,1882,1657,1593,1530,1597,1842,1435,1779
268,666,367,461,628,486,1066,734,460,620,796,500,798,387,416,430,564,486,612,899,633,500,398,486,438,446,634,569,1067,765,691,670,640,638,366,511,788,739,367,642,731,690,648,378,621,492,471,501
108,255,80,108,151,323,140,287,212,145,224,170,97,138,213,207,161,191,106,434,153,228,152,284,179,115,109,259,193,63,192,200,148,190,210,305,132,139,266,212,250,228,182,181,176,99,172,233
209,429,260,388,627,334,898,489,273,251,430,219,482,242,511,378,324,183,355,565,325,277,281,471,435,354,266,452,375,190,310,224,547,378,239,276,610,280,307,542,515,416,399,354,299,532,346,356
729,2191,983,2202,1893,690,2543,2216,823,2142,2058,2331,508,695,828,1247,1342,954,884,1705,1284,844,1316,1236,1831,632,491,1626,2114,1817,1292,445,1894,1085,1182,1117,1467,2552,669,1465,2785,1640,1416,1279,304,1677,1169,2251
1459,1342,940,1293,1706,979,1505,1662,711,1427,1637,696,2491,727,6080,1559,701,1547,1230,6079,608,1631,1569,813,1816,618,865,1293,1339,1098,1436,887,1576,943,1855,909,1287,352,858,1682,1332,1823,694,1607,1639,1810,1508,1297
175,294,203,182,173,232,613,260,153,266,177,197,364,180,126,120,169,218,259,517,203,192,109,172,203,124,133,244,308,335,114,207,286,221,125,204,164,365,149,160,384,360,258,177,137,142,160,377
1644,1330,1890,1321,1753,1874,2739,1159,1952,1512,1735,992,2149,1238,2821,1709,1077,1288,1080,2620,1371,1745,1217,1079,1475,1837,1623,1302,1068,1475,1974,1450,1706,1107,1252,1067,2145,1259,1110,1156,1441,1760,1946,1415,1118,1602,1209,1220
92,356,469,237,286,169,246,549,54,274,419,51,190,114,176,172,272,99,174,150,69,73,199,280,272,108,201,217,393,328,197,100,342,344,325,310,271,322,304,224,316,300,348,354,385,380,200,396
278,209,328,285,404,477,365,427,294,334,329,422,480,337,279,193,480,348,454,290,315,318,289,380,229,398,397,310,324,240,383,270,366,210,312,379,235,446,359,327,335,282,509,285,431,244,278,479
95,242,342,434,231,156,300,234,125,268,209,972,326,196,162,152,206,209,265,185,284,166,135,130,197,173,163,287,246,225,180,263,295,176,174,192,143,267,328,207,344,169,130,122,122,153,219,466
114,281,213,308,175,150,297,284,176,272,209,1359,351,267,290,116,167,156,226,272,297,166,112,77,321,161,170,315,304,206,230,237,178,108,105,191,169,209,309,171,321,181,145,155,162,176,208,361
205,141,199,131,65,229,318,148,212,185,200,108,242,432,660,491,170,511,318,438,376,182,221,197,144,317,289,223,177,158,162,454,134,136,122,221,203,128,129,177,197,178,264,304,125,164,116,151
4831,11570,8539,11650,11239,7469,17721,12574,5458,13519,12678,8936,13972,5768,13089,7120,8963,8821,10698,13538,10620,6606,7487,7425,12342,7649,9722,11927,16193,12862,9692,10547,10090,8124,8636,9617,9229,11374,11588,9045,15729,9450,9082,8271,8151,10576,8615,14276
936,2085,1672,1768,3141,1341,3740,2125,1073,2850,2255,24289,2430,1817,1323,1231,2117,1303,1955,1856,2817,1048,1735,71,2565,69,2151,407,4380,3448,106,452,2007,1922,2055,2043,1680,1051,1267,354,5903,2108,122,2137,2119,109,498,390
802,593,778,676,979,987,3357,542,907,388,691,127,2605,804,1826,448,1085,1499,1752,1930,502,528,550,697,673,547,652,707,807,612,976,875,577,679,625,675,1398,462,902,1195,459,693,520,483,626,892,727,440
454,370,220,608,334,369,463,265,344,393,374,365,625,569,491,600,409,438,505,1070,630,344,144,413,793,285,475,328,277,378,398,478,210,255,446,277,147,182,275,438,220,380,374,156,321,640,623,275
153,347,239,353,314,147,305,303,127,290,157,1937,223,157,313,163,242,210,246,192,341,129,104,133,292,150,237,203,499,274,175,425,311,218,160,237,187,275,266,173,408,234,163,203,161,252,202,557
251456,143714,186301,172296,233895,216592,349648,183601,251824,205262,166658,92685,216101,123043,583855,104882,114521,233621,178918,297483,150052,508575,182242,258920,395778,435015,391624,202819,186875,173346,408200,149645,128429,113094,370531,153585,165372,114992,147806,155088,106251,58291,105797,112042,96980,135490,100928,91244
1906,4265,2918,3534,4037,3157,7041,4746,1919,3849,4313,2140,4078,1715,4202,2614,2590,2970,2559,5415,2571,3048,2578,3284,4303,2292,3106,4073,4180,2696,2934,2642,3359,2949,3883,3187,3257,2465,4116,2905,4081,3822,3352,2995,2936,3807,3068,3375
182,354,479,104,403,251,471,132,109,382,206,179,632,291,335,191,303,395,296,512,289,199,114,352,340,168,339,295,200,99,356,280,367,215,285,205,283,111,83,220,420,437,362,366,184,307,165,271
354,709,190,569,1077,1117,618,852,577,358,384,245,1225,725,923,599,454,610,620,1201,365,212,442,321,268,500,182,404,454,322,435,456,467,597,596,926,702,245,468,714,403,741,592,474,387,739,796,367
88,146,447,556,350,192,194,159,98,316,340,1167,344,99,248,282,144,78,241,168,526,200,131,229,349,111,173,579,415,320,248,271,98,135,230,204,232,222,444,115,401,181,148,100,87,153,70,1068
907,2510,2639,2714,2631,215,1477,2716,1073,3811,2526,5454,1470,2215,979,1003,1515,1942,1437,816,4544,506,1018,773,3621,1381,2184,3931,5307,3246,2394,4221,3081,1513,820,2177,1476,3922,4963,2227,3959,1125,1924,1431,1113,1723,2423,7344
125,267,429,460,104,88,329,281,214,380,413,5580,276,191,180,164,292,145,326,155,438,91,126,197,446,157,230,355,506,276,184,407,330,98,134,272,216,343,729,309,856,119,160,133,178,168,245,759
137,252,881,956,275,136,178,346,112,685,341,10086,330,273,99,172,139,199,298,215,891,90,150,110,565,88,267,293,896,642,203,1007,293,168,173,248,226,1209,658,181,1149,144,184,109,136,118,101,1599
305,286,360,343,263,507,460,260,341,242,248,594,1000,202,925,209,202,553,368,689,487,267,310,333,232,138,245,193,479,223,356,341,266,433,628,309,323,350,338,360,450,332,170,423,371,205,252,242
116,2155,809,2421,1866,179,1283,1905,219,2942,1319,12126,967,207,340,297,662,437,698,637,1245,161,181,172,1484,246,888,1170,2444,2168,333,1900,1259,134,239,575,421,2068,2508,440,4379,291,383,223,249,413,756,4271
119,401,705,865,675,360,305,638,143,434,299,5672,276,296,501,162,245,192,280,334,684,183,174,175,412,126,220,234,686,575,200,682,314,138,124,182,191,1049,689,278,1199,166,153,152,124,172,245,1807
417,1169,1227,1949,1233,137,823,1061,513,1250,1014,1825,1318,874,1273,338,681,801,1236,724,1579,138,234,220,1503,520,737,1202,1339,894,885,1452,532,332,368,683,480,825,1907,836,1399,340,619,417,235,624,738,1877
228,112,393,433,189,202,147,142,159,355,227,109437,235,156,317,273,84,82,183,256,576,352,134,184,194,111,109,224,804,600,100,727,443,141,154,48,302,1384,297,142,910,100,162,139,96,102,138,1217
204,476,588,423,418,454,698,493,264,423,559,268,541,231,393,184,321,331,202,568,281,312,261,218,445,250,267,369,607,353,308,356,406,324,121,376,382,93,264,421,436,325,337,247,352,442,200,433
124,1338,1022,937,1462,143,962,1381,260,595,739,2732,910,372,298,425,662,626,75,565,511,152,272,185,509,286,620,422,1748,1127,195,1154,1254,255,269,519,296,1245,754,639,1910,352,426,344,158,410,779,2127
747,626,475,931,693,1622,1816,703,1011,554,550,450,2712,1833,2085,628,858,1783,2410,2262,1091,217,538,540,546,393,367,809,922,629,1193,776,460,1250,1183,1616,626,298,874,1188,541,580,697,598,797,843,1390,953
2074,1926,1970,1739,1936,744,1976,2713,1237,3090,4102,3499,1223,3782,1404,1119,2063,1462,2291,1255,3942,1352,1578,1893,2836,2383,2190,4572,6153,3923,2948,2741,1953,3675,1362,7954,2044,2109,4208,2113,2634,1359,2417,2915,3506,3367,2585,5863
1373,2323,2894,4101,3756,1798,4912,2658,1795,3593,5135,268,1641,1069,1664,3804,2730,1119,3253,1592,2252,1322,1627,2179,2409,875,2455,2451,4299,3518,1612,3310,3185,1810,2562,2753,3977,3726,1640,2185,4162,2277,2134,2159,1925,2929,1388,3604
1873,8200,7418,19897,9665,493,12421,9770,3182,11653,8330,34838,6963,4025,6217,3251,6014,6122,10329,5342,12295,537,1245,995,10631,1204,5727,6896,11235,9056,5499,11434,5508,1450,1232,5161,3242,9221,10699,4353,15887,1276,3015,1415,1242,3404,5647,18192
3340,3974,7441,7185,4790,1884,3215,5054,6605,6588,9786,10725,4275,6914,3960,5701,4835,3610,5830,3349,7286,4129,5824,5346,5388,4910,5596,7373,8867,3912,3550,4532,2645,4671,2943,4433,4999,5340,4526,4522,5505,4280,3794,4822,4304,4138,3826,6547
179,242,116,468,76,365,566,549,104,149,959,47,776,98,302,531,424,149,106,1156,115,268,467,606,827,512,172,167,238,1139,792,645,410,219,649,665,177,159,479,192,345,1343,140,150,722,1453,888,136
1501,937,1541,1619,1307,2151,2126,1252,1731,1029,1194,1495,2000,1734,2528,1323,1568,2214,3218,3810,2565,1403,1705,2090,2197,2334,1766,2125,2626,2359,3101,3049,2338,3022,2668,2280,2513,1728,1290,1479,1353,1430,1462,1447,1488,1281,1042,1144
624,524,515,536,730,653,1229,677,454,436,512,484,1270,597,1184,790,589,436,542,1169,348,351,448,296,498,372,468,587,373,396,808,386,480,517,590,442,805,260,414,616,512,522,503,541,446,580,425,316
778,392,1262,1808,829,538,696,650,1188,469,593,3266,848,2136,246,679,1188,798,1623,260,1688,548,575,623,844,1325,603,852,526,540,1285,935,37,400,715,734,863,1089,1321,788,916,628,1148,534,1232,558,607,1047
451,267,415,515,609,986,704,512,624,332,377,72,1504,929,898,437,457,852,941,945,635,323,333,284,391,462,257,419,561,494,554,430,235,701,652,966,405,269,393,631,475,381,265,231,357,529,792,526
1027,812,743,775,983,1417,2444,809,1228,576,918,102,3068,836,2499,1045,1075,1238,1513,1735,798,701,603,858,735,916,973,477,734,558,986,944,838,688,1088,898,1219,577,706,1059,660,942,689,556,670,874,605,486
5896,14331,5866,10447,10728,10045,22618,16572,5720,14791,17257,7061,10787,5502,2258,9920,11372,8442,8951,9331,8884,8896,10716,10390,12336,9448,12322,14789,17298,13384,11845,10534,12812,11107,9851,10154,12699,11904,12371,10069,17179,11406,11845,11304,12704,13413,7469,12040
28,255,141,100,175,125,334,152,154,154,216,1093,235,69,269,42,54,88,37,309,177,158,50,67,133,224,96,125,169,178,122,89,239,171,298,45,169,138,48,75,292,157,179,185,96,171,59,198
80,271,514,638,481,115,401,323,133,432,213,944,385,222,660,94,253,349,470,440,498,58,70,89,559,138,296,439,543,591,299,618,400,106,141,169,179,483,242,154,549,165,166,94,114,178,180,642
985,1230,1154,1025,1166,1162,1257,1909,1097,1608,1288,1684,2131,876,1490,1102,1003,1326,1976,1312,1645,1192,560,648,880,1283,810,1148,1343,1078,775,1128,1194,792,1172,761,1067,948,944,1183,1034,1402,1028,1007,1054,961,488,1122
302,6450,8981,1636,1467,382,1231,1119,477,986,6284,1996,1206,298,1207,700,5166,619,464,1453,542,302,417,394,865,4100,4995,5784,663,665,568,631,1130,287,429,457,536,495,6206,5236,8266,780,4988,367,354,5970,857,870
3570,7771,3801,3993,6792,4737,12550,8119,3337,5135,7696,2511,582,2897,428,5759,5175,5110,2989,4195,3550,4981,5683,5427,7272,5459,6126,7616,5924,5107,5861,3760,7053,5859,5743,5296,6757,3817,6787,6000,5442,6472,6412,5661,6384,6676,4557,4927
5257,10877,5196,6142,10053,6214,18109,12047,5511,8120,11920,3591,9650,4104,872,8383,7240,7533,3792,5277,4435,7388,8321,7578,10505,8346,8882,12337,8834,6904,8943,5440,9957,8364,8253,7844,9047,6057,9977,8810,8375,9781,8709,7860,9046,9297,6601,6679
2935,6426,2461,4080,5237,3719,11257,6746,2787,5635,7854,2407,6346,2731,664,4498,4748,4095,2942,5307,3759,4168,4660,4490,6160,4370,5519,7440,6255,5230,5252,3702,5467,5126,3729,4816,4855,4013,5842,4819,5932,5221,5044,4758,5226,5432,3442,4665
9192,19765,8052,10293,17329,11291,32338,20594,8596,13615,21782,6080,16874,7061,1472,14305,13245,13180,7719,11995,8121,12987,14243,13752,18540,13391,16102,20167,15099,12477,15762,9509,17290,15661,14913,14554,15615,10304,18419,15550,14222,16670,15365,14320,16120,15957,11299,11189
12185,25488,11884,16072,21526,17481,49379,28274,11650,23994,30896,9526,24350,10140,4714,19130,18876,17915,13055,19793,14459,17595,19262,18325,24714,19334,21985,27107,27009,22007,23143,16366,22913,20529,20300,19643,21566,16613,23276,20311,23998,23000,21409,20224,22069,22916,15797,20051
1071,2844,1044,2256,2766,1081,5059,3221,1579,2884,3415,1376,3227,1297,667,2066,2082,1867,2127,3356,2139,1967,1904,2011,2750,1818,1859,2510,3230,2217,2165,1771,2765,2348,2316,1980,2694,1839,2751,2425,2573,2644,2335,1922,2029,2506,2306,2724
248,437,256,262,235,350,652,234,224,87,434,129,294,140,267,288,327,285,266,210,193,284,119,181,407,160,303,351,368,231,364,201,374,240,125,383,342,257,481,186,440,266,119,384,385,415,172,379
724,1691,846,1333,1949,1306,3699,1854,753,1412,1903,1024,2076,862,642,1221,1266,1235,1623,1358,1166,995,1158,1212,1732,1167,1374,1811,1800,1805,1426,1159,1648,1398,1573,1386,1337,1492,1724,1335,1747,1693,1306,1413,1439,1413,1060,1349
528,1176,506,686,1023,901,2077,1450,582,696,1311,445,1318,364,445,874,879,770,548,1266,515,706,909,906,1235,514,908,1164,457,737,458,659,1057,923,826,699,1093,742,253,1026,963,1099,983,877,249,1231,654,700
1870,4166,1681,3225,3825,3075,8006,5109,1949,4441,4792,2151,4512,1704,1058,2947,3128,2785,3398,3314,2937,3051,2993,3159,4232,3128,3220,4452,4650,3676,3401,2990,3908,2963,3200,3042,3901,3017,4037,3110,4445,3828,3536,3152,3368,4061,2873,3574
661,932,931,859,605,686,1208,1203,556,915,936,793,1194,778,1490,456,1649,732,1043,805,620,291,1233,702,669,668,629,907,1088,1252,783,642,660,756,656,525,1072,879,634,734,1316,703,455,1110,921,1354,426,707
856,1647,1881,1243,1461,1456,1562,1817,1038,1476,1753,958,1986,780,1596,1299,1191,1467,1192,2223,1070,1281,1143,1252,1523,1174,1097,1239,1643,1332,1399,1232,1471,1409,1622,1157,1347,1252,1400,1374,1434,1534,1177,1324,1338,1495,1474,1497
1863,3945,2851,2986,3176,2818,6787,4479,2113,3669,4346,1911,4128,1566,3275,2731,2891,3137,2728,5079,2620,3086,2258,2744,3553,2749,2951,3170,3913,2594,3040,2668,3496,2931,3341,3066,3118,2228,3381,2970,3490,3824,3218,2878,2662,4051,2962,3077
1332,2896,2603,2678,2534,2553,6060,3234,1543,2960,2797,1392,2487,1324,2799,2029,2136,2213,1656,4163,1676,1983,1986,2193,3054,1597,2349,2680,2932,1708,2632,1526,2731,2152,2982,2392,2307,1719,2522,2292,2806,2869,2504,2250,2192,2606,2338,2467
2337,5693,3833,4645,5680,3931,9452,6220,2476,5157,5900,4479,5396,2223,5273,3503,3577,3988,3593,6852,3512,3862,3535,3693,5610,3331,3831,5083,5354,3710,4012,3529,4305,3742,4614,3959,4262,3082,5316,4066,5482,4961,4265,3998,3626,5036,4080,4492
5475,11948,8512,8013,10823,8718,18344,12255,5394,9855,13010,5802,11568,5443,9386,7666,8742,7327,7307,11624,6875,7292,7976,7951,11362,7443,9333,11352,11078,9391,9109,7595,10763,8502,8837,8884,9583,8010,11087,8955,11220,9876,9124,8783,8892,10283,6946,9290
171,446,271,146,161,264,598,531,187,231,390,184,268,179,337,204,219,218,321,588,216,171,201,184,105,205,267,334,257,245,292,326,184,409,387,223,369,218,537,145,372,466,297,229,202,397,280,352
325,517,360,512,467,567,872,611,256,587,761,382,701,219,302,480,419,401,371,687,422,574,337,515,721,455,446,434,542,413,583,395,620,517,551,473,448,357,658,432,603,556,476,499,444,773,437,598
101,222,284,186,318,646,414,305,320,142,189,150,221,130,358,345,215,252,474,565,130,258,211,327,183,212,126,243,123,247,183,211,249,206,538,191,292,234,214,160,244,337,330,290,142,260,217,328
823734,363200,646847,385150,842060,558398,928971,478375,253249,314991,436036,317101,439298,416930,2071420,191592,273840,851831,156953,1055525,457355,430373,621082,798273,1454161,334892,1281736,728280,422555,593102,1463133,453395,295395,210285,1126551,438621,425317,188297,276575,422718,133316,102335,216397,263122,166677,301501,199162,131975
2141,1138,1121,2175,1395,2231,1521,1351,1879,801,1421,943,1840,3499,2271,1766,2080,2198,3915,1843,3016,1482,1719,2030,1042,1670,1897,1575,1595,1215,1693,1412,1387,2348,1809,1899,2300,1738,1497,1459,1224,1540,2510,2080,2219,1985,1556,839
3562,655,1610,1381,1753,3827,5018,338,4286,508,750,98,5111,1555,35111,346,384,5375,12846,10949,2402,2330,796,1927,2560,3106,2269,1482,1046,1835,5615,2040,322,322,2595,761,1288,196,830,1253,210,232,605,269,183,627,492,259
644,689,376,457,1119,2404,6808,599,437,738,1020,37497,4621,469,1685,581,420,937,1156,3261,806,744,434,410,596,736,856,749,842,1132,537,824,566,578,531,621,670,1564,1869,751,582,508,483,523,490,559,692,601
1515,2013,1365,1948,1397,1688,4371,2186,1578,2080,3398,1509,2665,1276,2004,1719,1552,1423,1846,2669,1424,1773,2659,2284,2349,1393,1284,1333,3246,2222,1825,1842,2879,1944,2349,1506,1416,969,1423,2381,1986,2872,1434,1629,2167,2107,1616,1984
13287,13392,7773,7274,8445,15295,28352,9593,6652,12337,14343,2826,6222,2941,4037,15773,3865,6707,2881,2754,9875,14695,16578,17440,19877,10770,10133,18130,11429,9865,17068,4995,8170,7225,12313,13863,15522,2050,14072,6421,8578,19511,7755,16483,7457,10915,12503,7430
2159,1119,552,7472,358,5860,3973,10273,518,1052,11393,271,10124,3098,3070,6803,5911,1481,333,14888,1664,5108,4969,7132,9180,5882,4188,756,1693,12452,9986,7382,6297,1345,6152,5541,1515,2020,7194,1222,902,12233,990,2725,9885,13339,8792,1397
480,292,194,270,226,477,1267,318,317,207,210,346,1282,319,1766,225,268,209,597,1499,158,320,306,328,285,345,528,214,200,183,363,237,279,369,347,211,372,208,284,348,301,456,252,244,325,202,215,191
254,121,240,377,322,1091,1110,186,936,331,212,1472,1632,650,3523,259,273,402,868,3538,721,114,163,186,381,245,317,253,388,249,203,495,165,290,213,299,253,278,397,294,362,163,357,215,186,230,264,391
2042,1252,2009,1575,1173,2370,1211,789,1653,1108,989,1522,3954,1757,5242,1311,1156,1208,1606,3520,1330,542,986,1044,1017,598,829,761,1397,1006,1080,724,491,577,1213,1017,1720,1245,1243,1257,1140,1214,605,933,890,851,809,981
90,198,134,86,116,173,962,8423,43,152,127,77,565,2642,197,62,9864,547,1617,5973,72,249,1989,130,102,99,93,189,353,218,231,152,585,464,8552,79,156,287,90,4514,257,262,177,17452,4618,3715,130,107
113,137,167,122,263,262,292,123,147,197,119,248,259,113,354,111,108,187,320,215,88,212,147,194,184,357,195,110,375,272,223,175,94,158,235,247,147,240,172,153,174,240,135,83,124,215,101,209
1437,3314,686,4031,2026,1322,3513,4158,1431,2762,2909,3090,4051,3487,4130,1444,2570,3690,5461,3572,8092,1072,1413,1223,3894,1440,2743,3135,3302,3022,2590,3585,2795,1529,1432,2649,1807,6955,4679,1960,2735,1318,1901,1347,1240,1948,2587,4580
3077,1771,3314,2242,1753,2608,1048,2534,2535,1422,3505,4434,5690,2872,3097,3630,1908,6145,2771,2179,3540,1720,1009,2932,2027,2460,1464,1599,4168,5156,2939,2283,1620,2667,2912,2834,2744,4755,2737,3257,778,1430,2100,630,789,1391,2151,3359
179,388,643,1443,533,120,362,435,194,715,445,6649,477,615,344,303,354,399,1021,300,1608,80,181,161,469,308,436,366,765,556,403,1013,258,170,216,401,243,1161,516,270,677,150,261,149,200,373,375,1047
178,442,492,454,458,190,391,445,207,437,337,378,323,201,484,152,244,290,284,320,360,176,163,250,451,242,360,407,386,411,270,305,411,204,173,230,246,353,415,266,400,305,258,210,253,363,307,448
36643,40617,40328,45728,38060,54226,53041,41255,39147,40117,36277,39921,45267,53974,59782,24300,50709,46474,69353,51455,68311,25282,40065,43724,42621,44953,42700,46312,66095,38436,42760,51157,40570,45660,39698,45681,47818,34746,38460,27734,43785,29198,39646,45364,40494,40442,32258,43879
74,285,195,349,169,147,199,265,110,225,168,3228,136,76,180,85,150,162,229,230,283,109,159,165,253,105,155,163,310,125,123,307,266,124,142,151,187,175,285,162,338,149,155,126,114,176,189,555
1450,2572,6575,8993,2480,1639,1981,1807,4415,4753,2563,6730,2266,2350,4567,2740,2470,1925,3657,1790,7638,1402,1868,1729,5486,4604,2747,6648,2098,1812,6340,2781,2104,2733,2556,2956,2138,3071,6725,3449,3676,1657,2309,2236,1691,2880,2020,6139
728,376,404,722,211,653,476,324,645,377,268,1200,1019,1616,967,472,366,598,1174,1130,559,702,618,521,315,832,366,397,284,364,455,449,245,459,327,613,403,555,368,453,316,268,527,464,382,367,337,195
216,135,127,96,276,326,843,369,209,197,281,117,603,117,410,149,271,181,255,865,129,570,572,736,235,226,250,313,195,149,382,226,426,438,829,219,373,124,258,300,309,1137,502,634,642,648,514,144
1411,1097,1037,904,1286,2750,7682,881,1800,763,1389,116,4881,1019,3318,2160,1920,1627,2943,3033,909,884,803,1198,1249,1065,1191,557,1255,972,1829,1132,1078,1040,1215,1182,2097,755,1158,1526,847,950,1042,905,677,1426,762,617
74,223,145,285,95,347,1081,617,50,276,157,257,342,257,271,214,833,289,930,526,251,251,168,125,216,113,138,371,280,366,536,185,180,116,640,120,147,135,88,497,280,131,188,592,226,478,107,110
1311,1204,479,1231,1000,4325,5090,1641,2910,1497,2081,1263,3370,2873,7057,2201,882,996,2253,11633,1342,1563,730,1653,1327,2178,911,1331,1505,1138,2822,1533,1836,1778,1983,1293,3140,1514,1475,2328,2173,1302,2450,2178,1972,2177,1993,2135
875,2138,2324,3084,993,5342,7093,11184,817,5389,1114,3365,4705,8913,2931,1636,12270,5263,16790,10716,6082,4846,4395,1092,1999,1197,860,6578,4765,4186,9051,4800,3323,3160,14003,254,1196,3962,618,10246,3098,1274,1786,15994,7290,7686,1625,906
2412,4504,2775,3786,3901,3027,5706,4750,1570,4849,4465,2141,3439,1690,2757,2670,3305,2680,2356,4174,2971,3391,2517,3399,4044,3683,3634,3283,3812,3323,3244,2956,3556,3189,4040,2734,4209,3066,3328,2881,4343,4915,3523,3476,2602,3820,3198,2949
3635,4582,5681,8168,5128,3908,6167,5611,4427,9376,5032,8182,6405,7553,3418,4075,5399,7463,13814,3568,8717,3360,3534,3287,5568,5140,4681,5054,7116,5882,6613,6732,5028,4612,3952,5685,4615,5514,5564,5198,7518,4409,4423,3861,3935,5035,6330,7370
1722,3108,3906,2402,3350,2874,4545,3696,2002,3015,2987,1979,5085,1796,4444,2622,3154,2787,2356,4723,2169,1067,2175,2260,3199,875,2610,2699,2648,2211,2932,2174,2758,2446,2811,2459,3131,1853,2619,2927,3014,3090,2630,2428,2602,1859,2358,2776
4566,11789,7861,13884,14061,3839,9177,11228,8369,13038,9976,17794,14195,8803,4767,7123,10299,9613,13513,11869,11231,2630,4085,3352,17459,8114,11056,12548,12494,8448,8264,11599,7702,3174,3023,7773,7117,10418,15156,6392,14067,3568,7762,3954,3752,8107,5114,10990
4412,8961,3931,8462,8857,6872,17284,12140,3996,11158,10152,5493,8075,3935,2258,6632,7101,6827,7782,9272,6526,7234,6227,6888,9611,6926,6829,10463,10142,8437,8502,7284,7576,7193,7885,6472,7687,6136,10189,6804,9583,8770,8719,7058,6974,9018,6488,8517
397,529,331,506,540,347,396,313,396,388,380,413,437,359,313,394,484,418,316,249,414,161,356,377,607,428,488,537,486,479,345,323,561,489,465,388,354,339,550,537,408,344,411,524,414,526,346,424
1386,1428,2181,1937,1410,1553,2103,1219,1444,1514,1198,1641,2080,1218,2031,1555,1629,1916,1683,2191,1528,748,1408,1424,1795,872,1364,1520,2026,1409,1638,1727,1263,1853,1796,1246,2158,1568,1829,1974,1802,1996,1590,1455,1384,1660,1461,1932
4701,10350,8946,8796,11300,7810,15406,13040,5387,9968,11560,5564,10733,4698,10959,7545,7324,7422,6853,11975,6643,7612,7280,8383,11338,7780,8039,10969,10344,7354,8780,7232,9066,8120,8695,7295,9348,7504,10583,8532,10012,10388,9468,8759,8281,11191,8140,8886
1074,2081,1395,1546,1916,1868,3063,2008,821,1891,1991,1050,1985,861,2103,1332,1433,1427,739,2260,1153,1664,1284,1769,1852,1278,1581,1676,1134,1372,1541,1274,1734,1615,1966,1378,1572,1213,1832,1633,1665,2060,1431,1744,1248,2051,1646,1577
